{
  "productConfiguration": {
    "nameShort": "VSCode",
    "nameLong": "Visual Studio Code",
    "applicationName": "code-web-sample",
    "dataFolderName": ".vscode-web-sample",
    "version": "1.91.1",
    "extensionsGallery": {
      "serviceUrl": "https://open-vsx.org/vscode/gallery",
      "itemUrl": "https://open-vsx.org/vscode/item",
      "resourceUrlTemplate": "https://openvsxorg.blob.core.windows.net/resources/{publisher}/{name}/{version}/{path}"
    },
    "extensionEnabledApiProposals": {
      "vscode.vscode-web-playground": [
        "fileSearchProvider",
        "textSearchProvider"
      ]
    }
  },
  
  "additionalBuiltinExtensions": [
    {
      "scheme": "http",
      "path": "/fs/apps/system/Visual Studio Code.tapp/myExt"
    },
    {
      "scheme": "http",
      "path": "/fs/apps/system/Visual Studio Code.tapp/myDav"
    },
    {
      "scheme": "https",
      "path": "/fs/apps/system/Visual Studio Code.tapp/myExt"
    },
    {
      "scheme": "https",
      "path": "/fs/apps/system/Visual Studio Code.tapp/myDav"
    }
  ]
}
